<?xml version="1.0" encoding="UTF-8"?>
<PE_PROJECT_SETTINGS_DOCUMENTATION>
  <PE_product_version v="version 5.3 for Freescale Microcontrollers" />
  <PE_core_version v="Processor Expert Version 0501" />
  <CPU_Bean name="Cpu" type="MCF52221_64_LQFP">
    <Enabled v="Y" />
    <Properties>
      <Component_name v="Cpu" />
      <CPU_type v="MCF52221CAE66" />
      <list name="Clock settings (included)" v="1">
        <group name="Clock settings">
          <list name="Internal clock (included)" v="1">
            <group name="Internal clock">
              <Internal_oscillator_frequency__kHz_ v="8" />
            </group>
          </list>
          <list name="External clock (included)" v="1">
            <boolgroup name="External clock" v="Enabled">
              <enumgroup name="Clock source" v="External crystal">
                <Clock_frequency__MHz_ v="8" />
                <group name="Clock input pin">
                  <Pin_name v="EXTAL" />
                  <Pin_signal v="" />
                </group>
                <group name="Clock output pin">
                  <Pin_name v="XTAL" />
                  <Pin_signal v="" />
                </group>
              </enumgroup>
            </boolgroup>
          </list>
        </group>
      </list>
      <Initialization_interrupt_priority v="minimal priority" />
      <list name="Memory mapping (included)" v="1">
        <group name="Resource mapping">
          <group name="IPSBAR">
            <Base_address v="1073741824" />
          </group>
          <group name="RAMBAR">
            <Base_address v="536870912" />
            <Priority v="SRAM Backdoor / SRAM Backdoor" />
            <Backdoor_Secondary_port_valid v="Enabled" />
            <Write_protect v="Disabled" />
            <Backdoor_write_protect v="Disabled" />
            <CPU_space_interrupt_acknowledge_cycle v="Inhibited" />
            <Supervisor_code_address_space v="Masked" />
            <Supervisor_data_address_space v="Masked" />
            <User_code_address_space v="Masked" />
            <User_data_address_space v="Masked" />
            <SRAM_module v="Enabled" />
          </group>
          <group name="SCM_RAMBAR">
            <Base_address v="536870912" />
            <Backdoor v="Enabled" />
          </group>
          <group name="FLASHBAR">
            <Base_address v="0" />
            <CPU_space_interrupt_acknowledge_cycle v="Inhibited" />
            <Supervisor_code_address_space v="Masked" />
            <Supervisor_data_address_space v="Masked" />
            <User_code_address_space v="Masked" />
            <User_data_address_space v="Masked" />
            <NFC_module v="Enabled" />
          </group>
        </group>
      </list>
      <list name="Internal peripherals (included)" v="1">
        <group name="Internal peripherals">
          <list name="SCM" v="1">
            <group name="SCM">
              <group name="Core Watchdog">
                <Watchdog v="Disabled" />
                <Timing_delay v="2^9" />
                <Timeout v="0.0128 ms" />
                <Mode v="Interrupt" />
                <Transfer_acknowledge v="Disabled" />
                <group name="Interrupt">
                  <Interrupt v="INT_SCM_SWTI" />
                  <Request v="Disabled" />
                  <Level v="Disabled" />
                  <Priority v="0 (Lowest)" />
                </group>
              </group>
              <group name="DMA">
                <Byte_counter_mode v="16 bits" />
                <DMA_channel_0_request_source v="None" />
                <DMA_channel_1_request_source v="None" />
                <DMA_channel_2_request_source v="None" />
                <DMA_channel_3_request_source v="None" />
              </group>
              <group name="Internal bus arbitration">
                <DMA_priority_elevation v="Disabled" />
                <group name="Bus masters priority">
                  <Master_0__V2_ColdFire_Core_ v="Fourth priority (lowest)" />
                  <Master_2__4_channel_DMA_ v="Second priority" />
                </group>
                <Bus_arbitration_mode v="Round-Robin mode" />
                <Parking_mode v="Park on last active master" />
                <Timeout_counter v="Disabled" />
                <Timeout_value v="1 cycle" />
              </group>
              <group name="System access control">
                <group name="Master privilege access">
                  <Bus_master_0 v="Accesses use the user/supervisor attribute" />
                  <Bus_master_1 v="Accesses use the user/supervisor attribute" />
                  <Bus_master_2 v="Accesses are in user mode." />
                  <Bus_master_3 v="Accesses are in user mode." />
                </group>
                <group name="Peripheral access control">
                  <group name="SCM module">
                    <Access_lock v="Disabled" />
                    <Access_control v="ReadWrite / No access" />
                  </group>
                  <group name="DMA module">
                    <Access_lock v="Disabled" />
                    <Access_control v="ReadWrite / No access" />
                  </group>
                  <group name="UART0 module">
                    <Access_lock v="Disabled" />
                    <Access_control v="ReadWrite / No access" />
                  </group>
                  <group name="UART1 module">
                    <Access_lock v="Disabled" />
                    <Access_control v="ReadWrite / No access" />
                  </group>
                  <group name="UART2 module">
                    <Access_lock v="Disabled" />
                    <Access_control v="ReadWrite / No access" />
                  </group>
                  <group name="I2C module">
                    <Access_lock v="Disabled" />
                    <Access_control v="ReadWrite / No access" />
                  </group>
                  <group name="QSPI module">
                    <Access_lock v="Disabled" />
                    <Access_control v="ReadWrite / No access" />
                  </group>
                  <group name="DTIM0 module">
                    <Access_lock v="Disabled" />
                    <Access_control v="ReadWrite / No access" />
                  </group>
                  <group name="DTIM1 module">
                    <Access_lock v="Disabled" />
                    <Access_control v="ReadWrite / No access" />
                  </group>
                  <group name="DTIM2 module">
                    <Access_lock v="Disabled" />
                    <Access_control v="ReadWrite / No access" />
                  </group>
                  <group name="DTIM3 module">
                    <Access_lock v="Disabled" />
                    <Access_control v="ReadWrite / No access" />
                  </group>
                  <group name="INTC0 module">
                    <Access_lock v="Disabled" />
                    <Access_control v="ReadWrite / No access" />
                  </group>
                </group>
                <group name="Grouped peripheral access control">
                  <group name="Memory region 0">
                    <Access_lock v="Disabled" />
                    <Access_control v="ReadWrite / No access" />
                  </group>
                  <group name="Memory region 1">
                    <Access_lock v="Disabled" />
                    <Access_control v="ReadWrite / No access" />
                  </group>
                </group>
              </group>
            </group>
          </list>
          <list name="Power Management" v="1">
            <group name="PowerManagement">
              <group name="Peripheral clocks">
                <Global_off_platform_modules_clock v="Enabled" />
                <DMA_clock v="Enabled" />
                <UART0_clock v="Enabled" />
                <UART1_clock v="Enabled" />
                <UART2_clock v="Enabled" />
                <I2C_clock v="Enabled" />
                <QSPI_clock v="Enabled" />
                <DTIM0_clock v="Enabled" />
                <DTIM1_clock v="Enabled" />
                <DTIM2_clock v="Enabled" />
                <DTIM3_clock v="Enabled" />
                <INTC0_clock v="Enabled" />
                <PORTS_clock v="Enabled" />
                <EPORT_clock v="Enabled" />
                <PIT0_clock v="Enabled" />
                <PIT1_clock v="Enabled" />
                <ADC_clock v="Enabled" />
                <GPT_clock v="Enabled" />
                <PWM_clock v="Enabled" />
                <CFM_clock v="Enabled" />
              </group>
              <group name="Low-power mode">
                <Low_power_stop_mode v="Disabled" />
                <Exit_low_power_mode v="Any interrupt request" />
                <Low_power_mode_select v="RUN" />
                <CLKOUT_stop_mode v="Enabled" />
              </group>
              <group name="IPS bus monitor">
                <Timeout_monitor v="Enabled" />
                <Monitor_timeout v="1024 cycles" />
              </group>
            </group>
          </list>
          <list name="Reset Controller" v="1">
            <group name="ResetController">
              <LVD_module v="Enabled" />
              <LVD_reset v="Enabled" />
              <group name="LVD interrupt">
                <Interrupt v="INT_PMM_LVDF" />
                <Request v="Disabled" />
                <Level v="Disabled" />
                <Priority v="0 (Lowest)" />
                <LVD_interrupt v="Disabled" />
              </group>
              <Software_request_to_reset v="Not allowed" />
              <Software_assert_or_negate_RSTOUT_pin v="Negate RSTOUT pin" />
            </group>
          </list>
          <list name="Flash Controller" v="1">
            <group name="FlashConfigurationField">
              <boolgroup name="Security" v="Disabled" />
              <Protection v="0" />
              <Supervisor_access v="0" />
              <Data_access v="0" />
            </group>
          </list>
        </group>
      </list>
      <list name="Shared CPU interrupts/resets" v="1">
        <group name="CPU interrupts/resets">
          <group name="Instruction related exceptions">
            <Instruction_related_reset v="Enabled" />
            <boolgroup name="Illegal Instruction Exception" v="Disabled" />
            <boolgroup name="Unimplemented Line-A Opcode" v="Disabled" />
            <boolgroup name="Unimplemented Line-F Opcode" v="Disabled" />
            <boolgroup name="Privilege Violation" v="Disabled" />
          </group>
          <group name="Address related exceptions">
            <Address_related_reset v="Enabled" />
            <boolgroup name="Access Error Exception" v="Disabled" />
            <boolgroup name="Address Error Exception" v="Disabled" />
            <boolgroup name="RTE Format Error Exception" v="Disabled" />
          </group>
          <group name="Interrupt related exceptions">
            <Interrupt_related_reset v="Disabled" />
            <boolgroup name="Spurious Interrupt Exception" v="Disabled" />
          </group>
          <boolgroup name="Divide-By-Zero" v="Disabled" />
          <list name="Trap exceptions" v="16">
            <boolgroup name="Trap 0" v="Disabled" />
            <boolgroup name="Trap 1" v="Disabled" />
            <boolgroup name="Trap 2" v="Disabled" />
            <boolgroup name="Trap 3" v="Disabled" />
            <boolgroup name="Trap 4" v="Disabled" />
            <boolgroup name="Trap 5" v="Disabled" />
            <boolgroup name="Trap 6" v="Disabled" />
            <boolgroup name="Trap 7" v="Disabled" />
            <boolgroup name="Trap 8" v="Disabled" />
            <boolgroup name="Trap 9" v="Disabled" />
            <boolgroup name="Trap 10" v="Disabled" />
            <boolgroup name="Trap 11" v="Disabled" />
            <boolgroup name="Trap 12" v="Disabled" />
            <boolgroup name="Trap 13" v="Disabled" />
            <boolgroup name="Trap 14" v="Disabled" />
            <boolgroup name="Trap 15" v="Disabled" />
          </list>
        </group>
      </list>
      <list name="Enabled speed modes (included)" v="1">
        <group name="Enabled speed modes">
          <boolgroup name="High speed mode" v="Enabled">
            <High_speed_clock v="External Clock" />
            <Bus_clock_frequency v="40" />
            <System_clock_frequency v="80" />
            <Predivider v="Auto select" />
            <Low_power_divider v="Auto select" />
            <boolgroup name="PLL clock" v="Enabled">
              <Loss_of_lock_reset v="Disabled" />
              <boolgroup name="Loss of clock function" v="Disabled" />
              <Fast_wakeup v="Clocks enabled only when PLL is locked" />
              <PLL_multiplier v="Auto select" />
              <PLL_divider v="Auto select" />
            </boolgroup>
            <group name="RTC clock">
              <enumgroup name="RTC divider" v="Auto select (1Hz)">
                <EmptySection_DummyValue />
              </enumgroup>
              <RTC_clock__Hz_ v="1" />
            </group>
          </boolgroup>
          <boolgroup name="Low speed mode" v="Disabled" />
          <boolgroup name="Slow speed mode" v="Disabled" />
        </group>
      </list>
    </Properties>
    <Methods>
      <list name="SharedCpuMethods" v="1">
        <SetHighSpeed v="don&amp;apos;t generate code" />
        <SetLowSpeed v="don&amp;apos;t generate code" />
        <SetSlowSpeed v="don&amp;apos;t generate code" />
        <GetSpeedMode v="don&amp;apos;t generate code" />
        <GetResetSource v="don&amp;apos;t generate code" />
        <GetBusFreqHz v="don&amp;apos;t generate code" />
        <EnableInt v="generate code" />
        <DisableInt v="generate code" />
        <SetIntLevel v="generate code" />
        <Delay100US v="don&amp;apos;t generate code" />
      </list>
    </Methods>
    <Events>
      <Event_module_name v="Events" />
      <list name="ColdFireEvntGrp" v="1">
        <event name="OnAddrRelatedEXP" v="don&amp;apos;t generate code" />
        <event name="OnInstrRelatedEXP" v="don&amp;apos;t generate code" />
        <event name="OnTrapEXP" v="don&amp;apos;t generate code" />
        <event name="OnIntRelatedEXP" v="don&amp;apos;t generate code" />
        <event name="OnDivideByZeroEXP" v="don&amp;apos;t generate code" />
      </list>
      <list name="CommonEventsGrp" v="1">
        <event name="OnReset" v="don&amp;apos;t generate code" />
        <event name="OnLvdINT" v="don&amp;apos;t generate code" />
        <event name="OnCoreWatchdogINT" v="generate code">
          <Event_procedure_name v="Cpu_OnCoreWatchdogINT" />
        </event>
      </list>
    </Events>
    <Compiler v="CodeWarrior MCF C Compiler" />
    <CompilerProperties>
      <Compiler v="CodeWarrior MCF C Compiler" />
      <enumgroup name="Unhandled vectors" v="One handler for all">
        <Unhandled_int_code>
          <StrgList><![CDATA[/* This code can be changed using the CPU bean property "Build Options / Unhandled int code" */
/*lint -save  -e950 Disable MISRA rule (1.1) checking. */ 
asm (HALT); 
/*lint -restore Enable MISRA rule (1.1) checking. */ 
]]></StrgList>
        </Unhandled_int_code>
      </enumgroup>
      <group name="User initialization">
        <User_data_declarations>
          <StrgList></StrgList>
        </User_data_declarations>
        <User_code_before_PE_initialization>
          <StrgList></StrgList>
        </User_code_before_PE_initialization>
        <User_code_after_PE_initialization>
          <StrgList></StrgList>
        </User_code_after_PE_initialization>
      </group>
      <boolgroup name="Generate debugger files" v="yes">
        <Generate_cfg_file v="yes" />
        <Generate_mem_file v="yes" />
        <Generate_xml_file v="yes" />
      </boolgroup>
      <boolgroup name="Generate linker file" v="yes">
        <Stack_size v="1024" />
        <Heap_size v="1024" />
        <Set_memory_segments_to_default v="Click to set default &amp;gt;" />
        <Default_memory_for_interrupts v="INTERNAL FLASH" />
        <Default_memory_for_code v="INTERNAL FLASH" />
        <Default_memory_for_data v="INTERNAL RAM" />
        <list name="ROM/RAM Areas" v="4">
          <group name="MemoryArea0">
            <boolgroup name="ROM/RAM Area" v="Enabled">
              <Name v="interrupts" />
              <Qualifier v="RX" />
              <Address v="0" />
              <Size v="512" />
            </boolgroup>
          </group>
          <group name="MemoryArea1">
            <boolgroup name="ROM/RAM Area" v="Enabled">
              <Name v="code" />
              <Qualifier v="RX" />
              <Address v="1056" />
              <Size v="130016" />
            </boolgroup>
          </group>
          <group name="MemoryArea2">
            <boolgroup name="ROM/RAM Area" v="Enabled">
              <Name v="data" />
              <Qualifier v="RW" />
              <Address v="536870912" />
              <Size v="16384" />
            </boolgroup>
          </group>
          <group name="MemoryArea3">
            <boolgroup name="ROM/RAM Area" v="Enabled">
              <Name v="cfmprotrom" />
              <Qualifier v="RX" />
              <Address v="1024" />
              <Size v="32" />
            </boolgroup>
          </group>
        </list>
      </boolgroup>
    </CompilerProperties>
  </CPU_Bean>
  <Bean name="AS1" type="AsynchroSerial">
    <Enabled v="Y" />
    <Properties>
      <Component_name v="AS1" />
      <Channel v="UART1" />
      <boolgroup name="Interrupt service/event" v="Disabled" />
      <group name="Settings">
        <Parity v="none" />
        <Width v="8" />
        <Stop_bit v="1.000" />
        <Channel_Mode v="Normal" />
        <boolgroup name="Receiver" v="Enabled">
          <RxD v="URXD1_USB_OE_PUB1" />
          <RxD_pin_signal v="" />
        </boolgroup>
        <boolgroup name="Transmitter" v="Enabled">
          <TxD v="UTXD1_USB_SPEED_PUB0" />
          <TxD_pin_signal v="" />
        </boolgroup>
        <Baud_rate v="19200 baud" />
        <Break_signal v="Disabled" />
      </group>
      <group name="Initialization">
        <Enabled_in_init__code v="yes" />
        <Events_enabled_in_init_ v="yes" />
      </group>
      <group name="CPU clock/speed selection">
        <High_speed_mode v="This component enabled" />
        <Low_speed_mode v="This component disabled" />
        <Slow_speed_mode v="This component disabled" />
      </group>
    </Properties>
    <Methods>
      <Enable v="don&amp;apos;t generate code" />
      <Disable v="don&amp;apos;t generate code" />
      <EnableEvent v="don&amp;apos;t generate code" />
      <DisableEvent v="don&amp;apos;t generate code" />
      <RecvChar v="generate code" />
      <SendChar v="generate code" />
      <RecvBlock v="don&amp;apos;t generate code" />
      <SendBlock v="don&amp;apos;t generate code" />
      <ClearRxBuf v="don&amp;apos;t generate code" />
      <ClearTxBuf v="don&amp;apos;t generate code" />
      <CharsInRxBuf v="don&amp;apos;t generate code" />
      <GetCharsInRxBuf v="generate code" />
      <CharsInTxBuf v="don&amp;apos;t generate code" />
      <GetCharsInTxBuf v="generate code" />
      <SetBaudRateMode v="don&amp;apos;t generate code" />
      <GetError v="don&amp;apos;t generate code" />
      <GetBreak v="don&amp;apos;t generate code" />
      <SetBreak v="don&amp;apos;t generate code" />
      <TurnTxOn v="don&amp;apos;t generate code" />
      <TurnTxOff v="don&amp;apos;t generate code" />
      <TurnRxOn v="don&amp;apos;t generate code" />
      <TurnRxOff v="don&amp;apos;t generate code" />
      <LoopMode v="don&amp;apos;t generate code" />
      <ConnectPin v="don&amp;apos;t generate code" />
      <GetTxComplete v="don&amp;apos;t generate code" />
    </Methods>
    <Events>
      <Event_module_name v="Events" />
      <event name="BeforeNewSpeed" v="don&amp;apos;t generate code" />
      <event name="AfterNewSpeed" v="don&amp;apos;t generate code" />
      <event name="OnError" v="don&amp;apos;t generate code" />
      <event name="OnRxChar" v="don&amp;apos;t generate code" />
      <event name="OnRxCharExt" v="don&amp;apos;t generate code" />
      <event name="OnTxChar" v="don&amp;apos;t generate code" />
      <event name="OnFullRxBuf" v="don&amp;apos;t generate code" />
      <event name="OnFreeTxBuf" v="don&amp;apos;t generate code" />
      <event name="OnBreak" v="don&amp;apos;t generate code" />
    </Events>
  </Bean>
  <Bean name="AS2" type="AsynchroSerial">
    <Enabled v="Y" />
    <Properties>
      <Component_name v="AS2" />
      <Channel v="UART0" />
      <boolgroup name="Interrupt service/event" v="Disabled" />
      <group name="Settings">
        <Parity v="none" />
        <Width v="8" />
        <Stop_bit v="1.000" />
        <Channel_Mode v="Normal" />
        <boolgroup name="Receiver" v="Enabled">
          <RxD v="URXD0_USB_RCV_PUA1" />
          <RxD_pin_signal v="" />
        </boolgroup>
        <boolgroup name="Transmitter" v="Enabled">
          <TxD v="UTXD0_USB_SUSPEND_PUA0" />
          <TxD_pin_signal v="" />
        </boolgroup>
        <Baud_rate v="19200 baud" />
        <Break_signal v="Disabled" />
      </group>
      <group name="Initialization">
        <Enabled_in_init__code v="yes" />
        <Events_enabled_in_init_ v="yes" />
      </group>
      <group name="CPU clock/speed selection">
        <High_speed_mode v="This component enabled" />
        <Low_speed_mode v="This component disabled" />
        <Slow_speed_mode v="This component disabled" />
      </group>
    </Properties>
    <Methods>
      <Enable v="don&amp;apos;t generate code" />
      <Disable v="don&amp;apos;t generate code" />
      <EnableEvent v="don&amp;apos;t generate code" />
      <DisableEvent v="don&amp;apos;t generate code" />
      <RecvChar v="generate code" />
      <SendChar v="generate code" />
      <RecvBlock v="don&amp;apos;t generate code" />
      <SendBlock v="don&amp;apos;t generate code" />
      <ClearRxBuf v="don&amp;apos;t generate code" />
      <ClearTxBuf v="don&amp;apos;t generate code" />
      <CharsInRxBuf v="don&amp;apos;t generate code" />
      <GetCharsInRxBuf v="generate code" />
      <CharsInTxBuf v="don&amp;apos;t generate code" />
      <GetCharsInTxBuf v="generate code" />
      <SetBaudRateMode v="don&amp;apos;t generate code" />
      <GetError v="don&amp;apos;t generate code" />
      <GetBreak v="don&amp;apos;t generate code" />
      <SetBreak v="don&amp;apos;t generate code" />
      <TurnTxOn v="don&amp;apos;t generate code" />
      <TurnTxOff v="don&amp;apos;t generate code" />
      <TurnRxOn v="don&amp;apos;t generate code" />
      <TurnRxOff v="don&amp;apos;t generate code" />
      <LoopMode v="don&amp;apos;t generate code" />
      <ConnectPin v="don&amp;apos;t generate code" />
      <GetTxComplete v="don&amp;apos;t generate code" />
    </Methods>
    <Events>
      <Event_module_name v="Events" />
      <event name="BeforeNewSpeed" v="don&amp;apos;t generate code" />
      <event name="AfterNewSpeed" v="don&amp;apos;t generate code" />
      <event name="OnError" v="don&amp;apos;t generate code" />
      <event name="OnRxChar" v="don&amp;apos;t generate code" />
      <event name="OnRxCharExt" v="don&amp;apos;t generate code" />
      <event name="OnTxChar" v="don&amp;apos;t generate code" />
      <event name="OnFullRxBuf" v="don&amp;apos;t generate code" />
      <event name="OnFreeTxBuf" v="don&amp;apos;t generate code" />
      <event name="OnBreak" v="don&amp;apos;t generate code" />
    </Events>
  </Bean>
  <Bean name="Bit1" type="BitIO">
    <Enabled v="Y" />
    <Properties>
      <Component_name v="Bit1" />
      <Pin_for_I_O v="DTIN0_DTOUT0_PWM0_PTC0" />
      <Pin_signal v="" />
      <Direction v="Output" />
      <group name="Initialization">
        <Init__direction v="Output" />
        <Init__value v="0" />
      </group>
      <Safe_mode v="no" />
      <Optimization_for v="speed" />
    </Properties>
    <Methods>
      <GetDir v="don&amp;apos;t generate code" />
      <SetDir v="don&amp;apos;t generate code" />
      <SetInput v="don&amp;apos;t generate code" />
      <SetOutput v="don&amp;apos;t generate code" />
      <GetVal v="generate code" />
      <PutVal v="generate code" />
      <ClrVal v="generate code" />
      <SetVal v="generate code" />
      <NegVal v="don&amp;apos;t generate code" />
      <ConnectPin v="don&amp;apos;t generate code" />
      <GetRawVal v="don&amp;apos;t generate code" />
    </Methods>
    <Events>
      <EmptySection_DummyValue />
    </Events>
  </Bean>
</PE_PROJECT_SETTINGS_DOCUMENTATION>

